seed,return,length,action_one_rate,action_switch_rate
1000,500.0,500,0.5,0.5851703406813628
1001,500.0,500,0.5,0.6292585170340681
1002,500.0,500,0.5,0.6813627254509018
1003,500.0,500,0.5,0.625250501002004
1004,500.0,500,0.5,0.6112224448897795
1005,500.0,500,0.5,0.5811623246492986
