{
  "fitness": 231.6666717529297,
  "hidden_count": 0,
  "passes": 4,
  "sources": [
    [
      3,
      8,
      12
    ],
    [
      2,
      1,
      2
    ],
    [
      20,
      27,
      0
    ],
    [
      1,
      1,
      1
    ],
    [
      0,
      2,
      1
    ],
    [
      3,
      3,
      2
    ],
    [
      1,
      0,
      1
    ],
    [
      2,
      1,
      2
    ],
    [
      2,
      2,
      2
    ],
    [
      1,
      3,
      23
    ],
    [
      1,
      3,
      1
    ],
    [
      0,
      2,
      1
    ],
    [
      1,
      1,
      2
    ],
    [
      2,
      3,
      3
    ],
    [
      1,
      3,
      0
    ],
    [
      0,
      2,
      0
    ],
    [
      2,
      2,
      3
    ],
    [
      0,
      1,
      0
    ],
    [
      3,
      0,
      1
    ],
    [
      3,
      3,
      24
    ],
    [
      0,
      16,
      3
    ],
    [
      1,
      2,
      0
    ],
    [
      0,
      2,
      3
    ],
    [
      0,
      0,
      3
    ],
    [
      0,
      2,
      1
    ],
    [
      1,
      3,
      1
    ]
  ],
  "weights": [
    [
      -0.1563112735748291,
      0.5957854986190796,
      -0.7159875631332397
    ],
    [
      0.5320048928260803,
      0.12466558814048767,
      -0.22069290280342102
    ],
    [
      0.19253690540790558,
      -0.12971118092536926,
      -0.07426640391349792
    ],
    [
      -0.18575476109981537,
      0.4618980884552002,
      -0.22981707751750946
    ],
    [
      0.21656179428100586,
      0.9258352518081665,
      0.4297017455101013
    ],
    [
      -0.4197596609592438,
      -0.5354081392288208,
      -0.5846275091171265
    ],
    [
      0.11013239622116089,
      -0.4079357981681824,
      -0.8245040774345398
    ],
    [
      -0.09786839038133621,
      0.09887956827878952,
      0.19676527380943298
    ],
    [
      0.2607852816581726,
      0.6243283748626709,
      -0.5232635736465454
    ],
    [
      -0.6298821568489075,
      -0.3425450325012207,
      -0.2415444254875183
    ],
    [
      -1.2863402366638184,
      -0.568216860294342,
      -0.9506149291992188
    ],
    [
      -0.11270584166049957,
      0.4316557049751282,
      0.6391627788543701
    ],
    [
      0.255047470331192,
      1.180572271347046,
      -0.2649507224559784
    ],
    [
      -0.163553386926651,
      -0.5746461153030396,
      0.7881696820259094
    ],
    [
      -0.0013441890478134155,
      0.704153299331665,
      0.23175935447216034
    ],
    [
      -0.6130530834197998,
      -0.18871751427650452,
      0.5173078775405884
    ],
    [
      -0.4636213183403015,
      0.7125147581100464,
      0.7696552872657776
    ],
    [
      0.3157246708869934,
      0.26625746488571167,
      -0.1136741042137146
    ],
    [
      -1.1900280714035034,
      0.7631481289863586,
      0.2765790820121765
    ],
    [
      -0.8503303527832031,
      -0.21968279778957367,
      0.008240841329097748
    ],
    [
      0.9858767986297607,
      0.4327443838119507,
      -0.5174306035041809
    ],
    [
      -0.9224618673324585,
      0.3093717396259308,
      0.017391089349985123
    ],
    [
      1.0632407665252686,
      1.5683435201644897,
      -0.4656790494918823
    ],
    [
      -0.1718072146177292,
      0.18531052768230438,
      0.7894740104675293
    ],
    [
      -0.39517903327941895,
      -0.5266579389572144,
      -0.09841358661651611
    ],
    [
      -0.09253007173538208,
      0.2800203859806061,
      -0.3299579620361328
    ]
  ],
  "active": [
    true,
    true,
    false,
    false,
    false,
    false,
    false,
    false,
    false,
    false,
    false,
    false,
    false,
    false,
    false,
    false,
    false,
    false,
    false,
    false,
    false,
    false,
    false,
    false,
    false,
    false
  ]
}
