{
  "fitness": 357.3333435058594,
  "input_hidden": [
    [
      -0.06333616375923157,
      -0.07767805457115173,
      -0.16312290728092194,
      -0.22516779601573944,
      0.8335567116737366,
      -0.15893079340457916,
      1.366325855255127,
      0.4339495003223419,
      -0.027448710054159164,
      -0.028605373576283455,
      0.472831130027771,
      -0.23728883266448975,
      -0.1310167908668518,
      -0.024648666381835938,
      -0.24296297132968903,
      -0.08342920243740082,
      -0.29413902759552,
      -0.6227220892906189,
      -0.8559502363204956,
      0.47585946321487427,
      0.45902490615844727,
      -0.31091344356536865,
      0.6944754123687744,
      -0.2806410789489746,
      -0.7946998476982117,
      -0.48576200008392334,
      0.46993765234947205,
      -0.4556753635406494,
      -0.40511253476142883,
      0.0093619953840971,
      -0.15020406246185303,
      -0.009817928075790405
    ],
    [
      -0.3217402994632721,
      -0.5877283811569214,
      -0.09539804607629776,
      -0.1440688967704773,
      -0.8321201801300049,
      0.35988789796829224,
      -0.2433820515871048,
      -0.1620846688747406,
      0.6479587554931641,
      -0.1582946926355362,
      -0.042969316244125366,
      -0.5708910822868347,
      0.7924754619598389,
      0.43670904636383057,
      0.03780218958854675,
      -0.25606396794319153,
      0.8174479007720947,
      0.6652032136917114,
      0.5355263352394104,
      0.7151446342468262,
      0.36532455682754517,
      -0.2456560581922531,
      -0.5321225523948669,
      -0.081753671169281,
      -0.19265270233154297,
      0.3139680027961731,
      0.13025198876857758,
      -0.25089478492736816,
      -0.6741934418678284,
      -0.2771860659122467,
      0.05297385901212692,
      0.3923218846321106
    ],
    [
      0.3472905457019806,
      0.46414875984191895,
      0.4044404625892639,
      -0.8937431573867798,
      0.636420726776123,
      -0.09140559285879135,
      -0.05652680620551109,
      -0.4558246433734894,
      -0.2286742776632309,
      -0.4741543233394623,
      0.2268078476190567,
      0.37954339385032654,
      0.5077376365661621,
      -0.1903650462627411,
      -0.13674643635749817,
      0.038494352251291275,
      0.18638455867767334,
      0.5240253210067749,
      0.14597973227500916,
      -0.03270050510764122,
      0.15461742877960205,
      0.1650601029396057,
      -0.13725429773330688,
      0.14294390380382538,
      -1.0342928171157837,
      -0.18285486102104187,
      -0.6139373779296875,
      -0.4810006618499756,
      -0.6958515644073486,
      0.4887893497943878,
      0.5168346166610718,
      0.29339322447776794
    ],
    [
      0.3902016878128052,
      -0.04994235187768936,
      0.3715956509113312,
      0.8949138522148132,
      -0.21631529927253723,
      0.2403527945280075,
      -0.4980255663394928,
      0.25782737135887146,
      0.45482009649276733,
      -0.24026207625865936,
      -0.32943540811538696,
      -0.7621263265609741,
      -0.2913411259651184,
      -0.15247265994548798,
      0.39735281467437744,
      0.008945386856794357,
      -0.672730028629303,
      0.35635337233543396,
      -1.1189687252044678,
      -0.6480929255485535,
      0.56402987241745,
      0.028536517173051834,
      -0.6632128953933716,
      -0.6206762790679932,
      0.5812297463417053,
      -0.7378119230270386,
      0.4370417892932892,
      0.572814404964447,
      -0.6896806955337524,
      -0.7023104429244995,
      -0.45951351523399353,
      -0.6570138335227966
    ]
  ],
  "hidden_bias": [
    [
      -1.1556686162948608,
      -0.13447622954845428,
      -0.38703376054763794,
      1.0555343627929688,
      0.5498003959655762,
      0.25088661909103394,
      0.21909181773662567,
      -0.13396373391151428,
      -0.5280952453613281,
      -0.9330554008483887,
      -0.5111895799636841,
      -0.9367020130157471,
      0.3291199207305908,
      -0.01325148157775402,
      0.42892545461654663,
      0.28179049491882324,
      -0.2237238585948944,
      -1.2149641513824463,
      -0.039618805050849915,
      -0.30083268880844116,
      -0.8336032629013062,
      0.09904614090919495,
      -0.3303069770336151,
      0.09841255098581314,
      0.3773770034313202,
      0.4730777144432068,
      0.07197608053684235,
      0.24331198632717133,
      0.1113739088177681,
      0.7209479212760925,
      -0.1597389578819275,
      0.36083993315696716
    ]
  ],
  "hidden_output": [
    [
      0.29511499404907227,
      -0.15758372843265533
    ],
    [
      0.338539183139801,
      0.3230467438697815
    ],
    [
      -0.166337788105011,
      0.8713091611862183
    ],
    [
      -0.9684447050094604,
      -0.3108532428741455
    ],
    [
      -0.5441145300865173,
      -0.3182962238788605
    ],
    [
      0.3850867748260498,
      -0.11708961427211761
    ],
    [
      0.4431852400302887,
      -0.07317899167537689
    ],
    [
      -0.2252957671880722,
      -0.787975549697876
    ],
    [
      -0.5079701542854309,
      -0.1268174648284912
    ],
    [
      -0.31092703342437744,
      -0.3415244221687317
    ],
    [
      -0.31112319231033325,
      -0.9872133135795593
    ],
    [
      0.2908467650413513,
      0.8881431221961975
    ],
    [
      -0.453081339597702,
      0.12857967615127563
    ],
    [
      0.27194109559059143,
      0.49961593747138977
    ],
    [
      -0.3664606511592865,
      0.404643714427948
    ],
    [
      0.5740473866462708,
      -0.27494001388549805
    ],
    [
      0.15195919573307037,
      -0.3372991979122162
    ],
    [
      0.294788658618927,
      0.49830302596092224
    ],
    [
      0.5839688181877136,
      0.0746864601969719
    ],
    [
      0.08090835809707642,
      -0.32969793677330017
    ],
    [
      -0.7550411820411682,
      -0.2061801254749298
    ],
    [
      -0.07296829670667648,
      -0.3399733304977417
    ],
    [
      -0.20880717039108276,
      -0.21326397359371185
    ],
    [
      0.536307692527771,
      -0.6082684397697449
    ],
    [
      -0.10931091010570526,
      -0.6932969689369202
    ],
    [
      -0.6907750964164734,
      -0.6854210495948792
    ],
    [
      -0.3356380760669708,
      0.10965367406606674
    ],
    [
      0.4889233410358429,
      -0.44444918632507324
    ],
    [
      -0.18632344901561737,
      -0.0050643570721149445
    ],
    [
      0.14429067075252533,
      0.05953064188361168
    ],
    [
      0.22353169322013855,
      0.3384440243244171
    ],
    [
      0.2304023951292038,
      1.2156977653503418
    ]
  ],
  "output_bias": [
    [
      -0.28550654649734497,
      0.28402987122535706
    ]
  ]
}
