{
  "fitness": 103.33333587646484,
  "input_hidden": [
    [
      -0.11405551433563232,
      -0.07443507015705109,
      -0.21729588508605957,
      -0.17347681522369385,
      0.8184525966644287,
      -0.21394681930541992,
      1.1806284189224243,
      0.49374857544898987,
      -0.0860803946852684,
      0.004750198684632778,
      0.4384765923023224,
      -0.2949831187725067,
      -0.13586850464344025,
      -0.07838388532400131,
      -0.22659991681575775,
      -0.09836515784263611,
      -0.229837104678154,
      -0.6637105941772461,
      -0.8320212364196777,
      0.5009704828262329,
      0.4589533805847168,
      -0.38644641637802124,
      0.7831746339797974,
      -0.22956006228923798,
      -0.8442475199699402,
      -0.43842050433158875,
      0.43073323369026184,
      -0.5521045327186584,
      -0.4445512890815735,
      0.11820916831493378,
      -0.23546266555786133,
      0.012350786477327347
    ],
    [
      -0.3445478081703186,
      -0.6194697618484497,
      -0.11083146929740906,
      -0.1993706375360489,
      -0.8019005060195923,
      0.3545359969139099,
      -0.18229934573173523,
      -0.11545556038618088,
      0.620628833770752,
      -0.13014887273311615,
      -0.10779909044504166,
      -0.5855402946472168,
      0.7570633292198181,
      0.39563417434692383,
      0.05247989296913147,
      -0.22687149047851562,
      0.6492592692375183,
      0.647301435470581,
      0.48192816972732544,
      0.7193260788917542,
      0.41877618432044983,
      -0.1833793967962265,
      -0.5647684931755066,
      -0.1372329741716385,
      -0.18706223368644714,
      0.25142142176628113,
      0.08857893943786621,
      -0.19654321670532227,
      -0.5812321901321411,
      -0.270273894071579,
      -0.0122988261282444,
      0.4721169173717499
    ],
    [
      0.3506392240524292,
      0.43673470616340637,
      0.35331425070762634,
      -0.8383602499961853,
      0.6372884511947632,
      -0.07670654356479645,
      -0.13700811564922333,
      -0.4216441512107849,
      -0.2716394364833832,
      -0.42575767636299133,
      0.19797766208648682,
      0.40360164642333984,
      0.5064826011657715,
      -0.18967732787132263,
      -0.10241483151912689,
      0.006683807820081711,
      0.11917153000831604,
      0.4377181828022003,
      0.18231980502605438,
      -0.21476919949054718,
      0.21473295986652374,
      0.1742355227470398,
      -0.034114375710487366,
      0.13881951570510864,
      -1.0331624746322632,
      -0.11998393386602402,
      -0.5862205028533936,
      -0.45415735244750977,
      -0.5979564785957336,
      0.5955970883369446,
      0.4429219961166382,
      0.3194633722305298
    ],
    [
      0.3859975337982178,
      -0.11486203223466873,
      0.3760713040828705,
      0.8988125324249268,
      -0.33227553963661194,
      0.19448673725128174,
      -0.4986848533153534,
      0.16319309175014496,
      0.48055317997932434,
      -0.22177690267562866,
      -0.3388882279396057,
      -0.7619238495826721,
      -0.2155168652534485,
      -0.0972512811422348,
      0.38614872097969055,
      -0.045193444937467575,
      -0.5652351379394531,
      0.3356759548187256,
      -1.087759256362915,
      -0.6315795183181763,
      0.5910306572914124,
      0.06100990250706673,
      -0.6641037464141846,
      -0.6271833181381226,
      0.6484037637710571,
      -0.6643220782279968,
      0.452548086643219,
      0.5204311013221741,
      -0.7351928353309631,
      -0.7592381238937378,
      -0.39358749985694885,
      -0.6564149856567383
    ]
  ],
  "hidden_bias": [
    [
      -1.024836540222168,
      -0.13067655265331268,
      -0.4013606607913971,
      0.9616318345069885,
      0.4937712550163269,
      0.23822662234306335,
      0.27096641063690186,
      -0.2665126621723175,
      -0.5310497283935547,
      -0.8366521000862122,
      -0.5468472838401794,
      -0.8258461952209473,
      0.4978421926498413,
      -0.01547602191567421,
      0.40776732563972473,
      0.293498158454895,
      -0.24135351181030273,
      -1.2055326700210571,
      -0.045343898236751556,
      -0.2630712389945984,
      -0.9081805944442749,
      0.11976588517427444,
      -0.2545275092124939,
      0.11675771325826645,
      0.31201687455177307,
      0.5115706324577332,
      -0.007619237992912531,
      0.2089141607284546,
      0.02719726786017418,
      0.7026943564414978,
      -0.18152248859405518,
      0.35081547498703003
    ]
  ],
  "hidden_output": [
    [
      0.3225376605987549,
      -0.16489027440547943
    ],
    [
      0.34415894746780396,
      0.2590673267841339
    ],
    [
      -0.22069594264030457,
      0.9437293410301208
    ],
    [
      -0.8863399028778076,
      -0.341079980134964
    ],
    [
      -0.5626447796821594,
      -0.20979982614517212
    ],
    [
      0.27278679609298706,
      -0.09031495451927185
    ],
    [
      0.46372655034065247,
      -0.01996161788702011
    ],
    [
      -0.33949965238571167,
      -0.8117935061454773
    ],
    [
      -0.44585075974464417,
      -0.1823980212211609
    ],
    [
      -0.30406826734542847,
      -0.3577350676059723
    ],
    [
      -0.30434679985046387,
      -0.9544897079467773
    ],
    [
      0.304852157831192,
      0.8578970432281494
    ],
    [
      -0.474032461643219,
      0.14931191504001617
    ],
    [
      0.31937235593795776,
      0.3861273527145386
    ],
    [
      -0.25186479091644287,
      0.40828365087509155
    ],
    [
      0.5859203338623047,
      -0.24282823503017426
    ],
    [
      0.18273352086544037,
      -0.2640320062637329
    ],
    [
      0.31411123275756836,
      0.5243152379989624
    ],
    [
      0.5360983610153198,
      0.1231050118803978
    ],
    [
      0.06234206259250641,
      -0.30201098322868347
    ],
    [
      -0.7718337774276733,
      -0.0989212691783905
    ],
    [
      -0.02134368196129799,
      -0.3592241108417511
    ],
    [
      -0.0605197474360466,
      -0.3178637623786926
    ],
    [
      0.5443511605262756,
      -0.6799386739730835
    ],
    [
      -0.06337765604257584,
      -0.6753409504890442
    ],
    [
      -0.6651700735092163,
      -0.7140176892280579
    ],
    [
      -0.3925473093986511,
      0.13755230605602264
    ],
    [
      0.5217682123184204,
      -0.43101558089256287
    ],
    [
      -0.15355545282363892,
      0.06915059685707092
    ],
    [
      0.18070735037326813,
      -0.03704563155770302
    ],
    [
      0.30330848693847656,
      0.311629056930542
    ],
    [
      0.16321228444576263,
      1.2413127422332764
    ]
  ],
  "output_bias": [
    [
      -0.2439025342464447,
      0.39945751428604126
    ]
  ]
}
