{
  "fitness": 346.0,
  "input_hidden": [
    [
      -0.14648431539535522,
      -0.1432332992553711,
      -0.17274431884288788,
      -0.1760725975036621,
      0.8158337473869324,
      -0.19994454085826874,
      1.2443528175354004,
      0.5037829279899597,
      -0.10249176621437073,
      -0.02151627279818058,
      0.4267257750034332,
      -0.22543448209762573,
      -0.15904252231121063,
      -0.0439610481262207,
      -0.21623802185058594,
      -0.09842798858880997,
      -0.24175339937210083,
      -0.6815463900566101,
      -0.8193337321281433,
      0.42519286274909973,
      0.4640463888645172,
      -0.33374089002609253,
      0.7617259621620178,
      -0.25729405879974365,
      -0.7988340854644775,
      -0.41019755601882935,
      0.4583018124103546,
      -0.5057582855224609,
      -0.4229373037815094,
      0.09887074679136276,
      -0.2198326587677002,
      -0.02684164047241211
    ],
    [
      -0.34478673338890076,
      -0.5440698266029358,
      -0.0951719582080841,
      -0.17013764381408691,
      -0.8386704325675964,
      0.34797561168670654,
      -0.19935719668865204,
      -0.12265860289335251,
      0.6062507033348083,
      -0.1553778350353241,
      -0.11826929450035095,
      -0.6094505190849304,
      0.7824072241783142,
      0.38238972425460815,
      0.07540309429168701,
      -0.2413557767868042,
      0.7019708752632141,
      0.6476607918739319,
      0.48744022846221924,
      0.7518751621246338,
      0.40532195568084717,
      -0.18393371999263763,
      -0.6097443699836731,
      -0.13326631486415863,
      -0.19455501437187195,
      0.22486717998981476,
      0.10026916116476059,
      -0.17824211716651917,
      -0.5747130513191223,
      -0.23793892562389374,
      0.015380498953163624,
      0.4545968174934387
    ],
    [
      0.375418096780777,
      0.3964110314846039,
      0.3495747745037079,
      -0.8790977597236633,
      0.5479408502578735,
      -0.03203883767127991,
      -0.11601399630308151,
      -0.4147425889968872,
      -0.24964779615402222,
      -0.4066624343395233,
      0.18001843988895416,
      0.3706408441066742,
      0.5508403182029724,
      -0.21439354121685028,
      -0.10417499393224716,
      0.00806615874171257,
      0.1587853878736496,
      0.44329872727394104,
      0.15544673800468445,
      -0.1836104542016983,
      0.22848033905029297,
      0.1903119683265686,
      -0.06614845991134644,
      0.20258112251758575,
      -1.0385267734527588,
      -0.19952675700187683,
      -0.5881233215332031,
      -0.5105452537536621,
      -0.6412803530693054,
      0.5575733780860901,
      0.42782336473464966,
      0.31864503026008606
    ],
    [
      0.3633337914943695,
      -0.12588219344615936,
      0.38648679852485657,
      0.9061921834945679,
      -0.30886340141296387,
      0.2343309223651886,
      -0.48057976365089417,
      0.16564662754535675,
      0.5237271189689636,
      -0.20678073167800903,
      -0.3765738010406494,
      -0.7289855480194092,
      -0.20874369144439697,
      -0.06314346939325333,
      0.33527740836143494,
      -0.059950701892375946,
      -0.5867125391960144,
      0.3386837840080261,
      -1.0733534097671509,
      -0.6201838254928589,
      0.6370468139648438,
      0.020401986315846443,
      -0.6692386865615845,
      -0.638489305973053,
      0.657715916633606,
      -0.6298187375068665,
      0.42367103695869446,
      0.5509994626045227,
      -0.7676434516906738,
      -0.7535527348518372,
      -0.40173599123954773,
      -0.6514943242073059
    ]
  ],
  "hidden_bias": [
    [
      -1.0070804357528687,
      -0.1366865187883377,
      -0.40242287516593933,
      0.9648380875587463,
      0.5048918724060059,
      0.228287011384964,
      0.29460352659225464,
      -0.22334334254264832,
      -0.5197383165359497,
      -0.8465345501899719,
      -0.5242483615875244,
      -0.8506280183792114,
      0.45823654532432556,
      -0.08799402415752411,
      0.40316614508628845,
      0.2878372371196747,
      -0.22781354188919067,
      -1.199428677558899,
      -0.02825268544256687,
      -0.24549680948257446,
      -0.8639550805091858,
      0.13663670420646667,
      -0.2842545807361603,
      0.12613531947135925,
      0.35576850175857544,
      0.5018053650856018,
      0.005213618278503418,
      0.22717010974884033,
      0.061184827238321304,
      0.6507382392883301,
      -0.18141105771064758,
      0.3400719463825226
    ]
  ],
  "hidden_output": [
    [
      0.34172558784484863,
      -0.17844073474407196
    ],
    [
      0.31735479831695557,
      0.3154643774032593
    ],
    [
      -0.2833118140697479,
      0.9943037629127502
    ],
    [
      -0.8741707801818848,
      -0.3287583589553833
    ],
    [
      -0.5410651564598083,
      -0.27534395456314087
    ],
    [
      0.3193768560886383,
      -0.09361962229013443
    ],
    [
      0.5297566652297974,
      -0.004455693066120148
    ],
    [
      -0.28743070363998413,
      -0.8213735222816467
    ],
    [
      -0.4830936789512634,
      -0.22524245083332062
    ],
    [
      -0.28207749128341675,
      -0.33805763721466064
    ],
    [
      -0.2585991621017456,
      -0.9558346271514893
    ],
    [
      0.33615508675575256,
      0.8716115951538086
    ],
    [
      -0.46640753746032715,
      0.09431914240121841
    ],
    [
      0.2826012969017029,
      0.39851489663124084
    ],
    [
      -0.2885431945323944,
      0.37584492564201355
    ],
    [
      0.5794762372970581,
      -0.2379787415266037
    ],
    [
      0.17526280879974365,
      -0.31570911407470703
    ],
    [
      0.3078412711620331,
      0.5056639909744263
    ],
    [
      0.5616529583930969,
      0.12347956001758575
    ],
    [
      0.08457538485527039,
      -0.3188498914241791
    ],
    [
      -0.7135323286056519,
      -0.12997184693813324
    ],
    [
      0.0008076075464487076,
      -0.3321448266506195
    ],
    [
      -0.060457970947027206,
      -0.2827872633934021
    ],
    [
      0.5207224488258362,
      -0.6377419233322144
    ],
    [
      -0.04961175471544266,
      -0.6933926343917847
    ],
    [
      -0.7088071703910828,
      -0.7129026055335999
    ],
    [
      -0.36407774686813354,
      0.15425646305084229
    ],
    [
      0.46526074409484863,
      -0.47431692481040955
    ],
    [
      -0.15653707087039948,
      0.08915433287620544
    ],
    [
      0.1631574183702469,
      0.011160630732774734
    ],
    [
      0.3161945044994354,
      0.2789134383201599
    ],
    [
      0.17347829043865204,
      1.2395178079605103
    ]
  ],
  "output_bias": [
    [
      -0.22984787821769714,
      0.36893486976623535
    ]
  ]
}
