{
  "fitness": 380.0,
  "input_hidden": [
    [
      -0.18159618973731995,
      -0.1366984248161316,
      -0.22258716821670532,
      -0.15254278481006622,
      0.7658131122589111,
      -0.23418651521205902,
      1.231335163116455,
      0.4599952697753906,
      -0.17399071156978607,
      0.009618815034627914,
      0.4286887049674988,
      -0.3705237805843353,
      -0.14014288783073425,
      -0.07066655904054642,
      -0.13897714018821716,
      -0.15960940718650818,
      -0.23608805239200592,
      -0.643903374671936,
      -0.7404459714889526,
      0.43634265661239624,
      0.46141642332077026,
      -0.4431103467941284,
      0.7860398888587952,
      -0.24758146703243256,
      -0.7347640991210938,
      -0.5230056047439575,
      0.49281448125839233,
      -0.44251954555511475,
      -0.4351232349872589,
      0.15951794385910034,
      -0.2562505602836609,
      -0.10764461010694504
    ],
    [
      -0.2783198356628418,
      -0.6293994188308716,
      -0.16246601939201355,
      -0.17223180830478668,
      -0.8653983473777771,
      0.42540475726127625,
      -0.10833033174276352,
      -0.170927956700325,
      0.6909177899360657,
      -0.13874830305576324,
      -0.11974774301052094,
      -0.5550983548164368,
      0.894694983959198,
      0.32538363337516785,
      0.07997399568557739,
      -0.13376590609550476,
      0.6233788132667542,
      0.6635023355484009,
      0.597466766834259,
      0.7317536473274231,
      0.40711262822151184,
      -0.21007810533046722,
      -0.7623274326324463,
      -0.12770073115825653,
      -0.23478898406028748,
      0.29379892349243164,
      -0.008891015313565731,
      -0.25596675276756287,
      -0.5909790992736816,
      -0.24101775884628296,
      -0.04403752088546753,
      0.4518904685974121
    ],
    [
      0.2783992290496826,
      0.481895387172699,
      0.3352995812892914,
      -0.8684168457984924,
      0.6569514274597168,
      -0.1096152663230896,
      -0.08843778818845749,
      -0.4472620189189911,
      -0.18533562123775482,
      -0.4231140613555908,
      0.2442789524793625,
      0.306896448135376,
      0.4586736559867859,
      -0.21454009413719177,
      -0.06229432672262192,
      0.05124795436859131,
      0.07695556432008743,
      0.35517048835754395,
      0.31884482502937317,
      -0.2332572191953659,
      0.24152278900146484,
      -0.01901300996541977,
      -0.07142598927021027,
      0.11199372261762619,
      -1.0273782014846802,
      -0.14419758319854736,
      -0.637940526008606,
      -0.4962897002696991,
      -0.5003783106803894,
      0.6211434006690979,
      0.42125391960144043,
      0.2888930141925812
    ],
    [
      0.3796170651912689,
      -0.12684966623783112,
      0.4539455771446228,
      0.731946587562561,
      -0.24104636907577515,
      0.3426807224750519,
      -0.4984245002269745,
      0.3230081796646118,
      0.464384526014328,
      -0.12471754848957062,
      -0.3334413170814514,
      -0.6809074282646179,
      -0.28257888555526733,
      -0.10713253915309906,
      0.36375951766967773,
      -0.08667527884244919,
      -0.6377235651016235,
      0.3610529899597168,
      -1.0823909044265747,
      -0.5237311720848083,
      0.5387517213821411,
      0.04123774170875549,
      -0.7497878074645996,
      -0.6255247592926025,
      0.5508345365524292,
      -0.6820658445358276,
      0.4796160161495209,
      0.45525431632995605,
      -0.7219424247741699,
      -0.7445222735404968,
      -0.3902451992034912,
      -0.6689229011535645
    ]
  ],
  "hidden_bias": [
    [
      -1.0637975931167603,
      -0.11618680506944656,
      -0.5362361073493958,
      0.9269861578941345,
      0.5620605945587158,
      0.2710569202899933,
      0.26250597834587097,
      -0.20845474302768707,
      -0.6165284514427185,
      -0.8731882572174072,
      -0.4778991937637329,
      -0.8066738843917847,
      0.41572272777557373,
      -0.049633417278528214,
      0.38660842180252075,
      0.24232923984527588,
      -0.30913662910461426,
      -1.2348098754882812,
      -0.15150076150894165,
      -0.2760429084300995,
      -0.8449700474739075,
      0.09172271192073822,
      -0.25927111506462097,
      0.013284221291542053,
      0.39302587509155273,
      0.5367590188980103,
      -0.003500286489725113,
      0.2553771138191223,
      0.16316060721874237,
      0.6893934011459351,
      -0.1740850806236267,
      0.16903644800186157
    ]
  ],
  "hidden_output": [
    [
      0.4065677523612976,
      -0.10437794029712677
    ],
    [
      0.33659738302230835,
      0.15641000866889954
    ],
    [
      -0.23841851949691772,
      0.8689172267913818
    ],
    [
      -0.8768702745437622,
      -0.44962581992149353
    ],
    [
      -0.6157752871513367,
      -0.30998682975769043
    ],
    [
      0.3415776193141937,
      -0.12684668600559235
    ],
    [
      0.48087695240974426,
      -0.011922279372811317
    ],
    [
      -0.310427188873291,
      -0.8586961627006531
    ],
    [
      -0.38572928309440613,
      -0.3172288239002228
    ],
    [
      -0.2733097970485687,
      -0.2910439074039459
    ],
    [
      -0.26046887040138245,
      -0.9936570525169373
    ],
    [
      0.297617644071579,
      0.8956457376480103
    ],
    [
      -0.39458951354026794,
      0.16902652382850647
    ],
    [
      0.15963074564933777,
      0.4173732399940491
    ],
    [
      -0.22947187721729279,
      0.3878544867038727
    ],
    [
      0.5703189373016357,
      -0.3037598133087158
    ],
    [
      0.25916993618011475,
      -0.2762904763221741
    ],
    [
      0.18789136409759521,
      0.4266264736652374
    ],
    [
      0.49971428513526917,
      0.17129366099834442
    ],
    [
      0.07164385169744492,
      -0.28769615292549133
    ],
    [
      -0.7938493490219116,
      -0.10164029151201248
    ],
    [
      0.033994052559137344,
      -0.40165746212005615
    ],
    [
      -0.11025389283895493,
      -0.25361788272857666
    ],
    [
      0.6216175556182861,
      -0.651340663433075
    ],
    [
      -0.10017314553260803,
      -0.7090694308280945
    ],
    [
      -0.7452048659324646,
      -0.7025916576385498
    ],
    [
      -0.42275673151016235,
      0.08925694972276688
    ],
    [
      0.6264809370040894,
      -0.49190232157707214
    ],
    [
      -0.12624429166316986,
      0.029567571356892586
    ],
    [
      0.18833568692207336,
      -0.12399537116289139
    ],
    [
      0.2778016924858093,
      0.21144455671310425
    ],
    [
      0.12983396649360657,
      1.280521273612976
    ]
  ],
  "output_bias": [
    [
      -0.26475635170936584,
      0.3303816616535187
    ]
  ]
}
