{
  "fitness": 417.3333435058594,
  "input_hidden": [
    [
      -0.1373804360628128,
      -0.06673899292945862,
      -0.2054215371608734,
      -0.1806964874267578,
      0.8065112829208374,
      -0.21776904165744781,
      1.2357301712036133,
      0.5547454357147217,
      -0.09383483231067657,
      0.05278954654932022,
      0.4620942175388336,
      -0.255333811044693,
      -0.15671709179878235,
      -0.05730915814638138,
      -0.15961143374443054,
      -0.1221105083823204,
      -0.23623007535934448,
      -0.6454216241836548,
      -0.857943594455719,
      0.47169145941734314,
      0.431239515542984,
      -0.39710596203804016,
      0.803572952747345,
      -0.1663740575313568,
      -0.8254092335700989,
      -0.5210420489311218,
      0.4609287977218628,
      -0.4556143581867218,
      -0.4277995526790619,
      0.11886760592460632,
      -0.19428880512714386,
      0.00046517886221408844
    ],
    [
      -0.3412099778652191,
      -0.6854182481765747,
      -0.07151227444410324,
      -0.19083046913146973,
      -0.8802501559257507,
      0.34885671734809875,
      -0.1869942843914032,
      -0.08093312382698059,
      0.6377654671669006,
      -0.13026009500026703,
      -0.07769410312175751,
      -0.5359928607940674,
      0.77916020154953,
      0.3853282034397125,
      0.09412392228841782,
      -0.16054919362068176,
      0.6361238956451416,
      0.7141533493995667,
      0.49565064907073975,
      0.7978917956352234,
      0.467584490776062,
      -0.1212950199842453,
      -0.6430176496505737,
      -0.17007243633270264,
      -0.18134182691574097,
      0.20856380462646484,
      0.05472313612699509,
      -0.1501949280500412,
      -0.6362312436103821,
      -0.28210005164146423,
      0.005105409771203995,
      0.49054068326950073
    ],
    [
      0.39344292879104614,
      0.5232092142105103,
      0.38875266909599304,
      -0.814549446105957,
      0.6338806748390198,
      -0.1085130125284195,
      -0.1411856710910797,
      -0.3747689723968506,
      -0.264210969209671,
      -0.492570698261261,
      0.23044389486312866,
      0.298992782831192,
      0.524704098701477,
      -0.11696119606494904,
      -0.12808838486671448,
      -0.036434926092624664,
      0.20134583115577698,
      0.46049967408180237,
      0.22695738077163696,
      -0.16160933673381805,
      0.22287824749946594,
      0.061254777014255524,
      -0.016708597540855408,
      0.1451987475156784,
      -1.0049556493759155,
      -0.1330464631319046,
      -0.6236740350723267,
      -0.49101918935775757,
      -0.592968225479126,
      0.5439298748970032,
      0.43523555994033813,
      0.3253377377986908
    ],
    [
      0.3774672746658325,
      -0.12363193929195404,
      0.39307570457458496,
      0.851450502872467,
      -0.2684348523616791,
      0.22047454118728638,
      -0.5170887112617493,
      0.16925829648971558,
      0.44837573170661926,
      -0.26254644989967346,
      -0.3660348653793335,
      -0.7472783327102661,
      -0.25377753376960754,
      -0.08322500437498093,
      0.3501451015472412,
      -0.12624147534370422,
      -0.5369306206703186,
      0.31540581583976746,
      -1.0232512950897217,
      -0.6453331112861633,
      0.5892885327339172,
      0.11282527446746826,
      -0.6658015847206116,
      -0.6114096641540527,
      0.6291486620903015,
      -0.701939046382904,
      0.467675119638443,
      0.42873743176460266,
      -0.746423065662384,
      -0.7220460176467896,
      -0.42233842611312866,
      -0.618464469909668
    ]
  ],
  "hidden_bias": [
    [
      -1.003440260887146,
      -0.17599599063396454,
      -0.45844194293022156,
      0.9482089877128601,
      0.4655868113040924,
      0.19187156856060028,
      0.32769080996513367,
      -0.3418465554714203,
      -0.5713834762573242,
      -0.768638551235199,
      -0.5147230625152588,
      -0.8409244418144226,
      0.44694098830223083,
      -0.05718613415956497,
      0.3939487636089325,
      0.29563388228416443,
      -0.3093668818473816,
      -1.1692368984222412,
      -0.17779478430747986,
      -0.25864219665527344,
      -0.8871393799781799,
      0.1114676296710968,
      -0.26977404952049255,
      0.15934740006923676,
      0.2649708390235901,
      0.5479683876037598,
      -0.00039886683225631714,
      0.2399897575378418,
      0.13255581259727478,
      0.8024609088897705,
      -0.22253729403018951,
      0.2897948622703552
    ]
  ],
  "hidden_output": [
    [
      0.2784247398376465,
      -0.14978891611099243
    ],
    [
      0.31827884912490845,
      0.19099141657352448
    ],
    [
      -0.2274218499660492,
      0.9048559069633484
    ],
    [
      -0.8738188743591309,
      -0.27569401264190674
    ],
    [
      -0.5643699169158936,
      -0.21806806325912476
    ],
    [
      0.3192020654678345,
      -0.07083897292613983
    ],
    [
      0.5156986117362976,
      -0.024185504764318466
    ],
    [
      -0.3268178701400757,
      -0.807091236114502
    ],
    [
      -0.37289124727249146,
      -0.2133045494556427
    ],
    [
      -0.26055753231048584,
      -0.33676448464393616
    ],
    [
      -0.2357545793056488,
      -0.9944735765457153
    ],
    [
      0.3558546304702759,
      0.8902451992034912
    ],
    [
      -0.44136521220207214,
      0.13301244378089905
    ],
    [
      0.2654200494289398,
      0.4227654039859772
    ],
    [
      -0.26659420132637024,
      0.3909085988998413
    ],
    [
      0.5845434069633484,
      -0.25301772356033325
    ],
    [
      0.22620035707950592,
      -0.2623312175273895
    ],
    [
      0.2888081669807434,
      0.47822239995002747
    ],
    [
      0.5133904218673706,
      0.11343468725681305
    ],
    [
      0.1219756230711937,
      -0.31470948457717896
    ],
    [
      -0.7884106636047363,
      -0.07073970884084702
    ],
    [
      -0.047319866716861725,
      -0.36467787623405457
    ],
    [
      -0.08931225538253784,
      -0.3283156752586365
    ],
    [
      0.5444208383560181,
      -0.6565079092979431
    ],
    [
      -0.14130371809005737,
      -0.7405432462692261
    ],
    [
      -0.7705602645874023,
      -0.6887885928153992
    ],
    [
      -0.4196823239326477,
      0.05942001938819885
    ],
    [
      0.506730318069458,
      -0.4921368658542633
    ],
    [
      -0.08681407570838928,
      0.07713928073644638
    ],
    [
      0.10910317301750183,
      -0.1015504002571106
    ],
    [
      0.372506707906723,
      0.2507554888725281
    ],
    [
      0.18395036458969116,
      1.280895471572876
    ]
  ],
  "output_bias": [
    [
      -0.2873693108558655,
      0.3758927285671234
    ]
  ]
}
