seed,return,length,action_one_rate,action_switch_rate
1000,500.0,500,0.5,0.6092184368737475
1001,480.0,480,0.5,0.6346555323590815
