{
  "fitness": 385.0,
  "hidden_count": 2,
  "passes": 4,
  "sources": [
    [
      1,
      2,
      7
    ],
    [
      3,
      3,
      2
    ],
    [
      9,
      25,
      17
    ],
    [
      20,
      27,
      0
    ],
    [
      3,
      7,
      2
    ],
    [
      4,
      2,
      2
    ],
    [
      1,
      3,
      7
    ],
    [
      3,
      0,
      0
    ],
    [
      1,
      2,
      1
    ],
    [
      1,
      1,
      0
    ],
    [
      3,
      2,
      2
    ],
    [
      1,
      24,
      27
    ],
    [
      1,
      3,
      0
    ],
    [
      5,
      3,
      1
    ],
    [
      0,
      27,
      2
    ],
    [
      3,
      3,
      2
    ],
    [
      2,
      6,
      1
    ],
    [
      15,
      1,
      1
    ],
    [
      1,
      1,
      2
    ],
    [
      1,
      4,
      0
    ],
    [
      2,
      16,
      0
    ],
    [
      0,
      3,
      3
    ],
    [
      3,
      2,
      1
    ],
    [
      0,
      0,
      1
    ],
    [
      2,
      0,
      2
    ],
    [
      2,
      28,
      1
    ]
  ],
  "weights": [
    [
      -0.2856407165527344,
      0.09575207531452179,
      -0.04305814206600189
    ],
    [
      0.23525403439998627,
      1.6891200542449951,
      0.4489564895629883
    ],
    [
      -0.29812318086624146,
      0.33268821239471436,
      -0.45624107122421265
    ],
    [
      0.008641896769404411,
      -0.0678359642624855,
      0.004305816255509853
    ],
    [
      0.631207287311554,
      0.4338746964931488,
      0.6060147285461426
    ],
    [
      0.09781327098608017,
      0.37773242592811584,
      0.00036347750574350357
    ],
    [
      -0.12109266966581345,
      0.3002464175224304,
      -0.3857644200325012
    ],
    [
      0.23991432785987854,
      -0.005597385112196207,
      -0.5799893736839294
    ],
    [
      0.18592888116836548,
      0.3002443015575409,
      0.028525546193122864
    ],
    [
      -0.09905438870191574,
      -0.6188790202140808,
      -0.43028971552848816
    ],
    [
      0.6350144147872925,
      -0.5384031534194946,
      0.04890761151909828
    ],
    [
      -0.3871006965637207,
      -0.44513604044914246,
      0.7041917443275452
    ],
    [
      -0.47210538387298584,
      -0.5293485522270203,
      -0.41611844301223755
    ],
    [
      -1.0069164037704468,
      -0.12941785156726837,
      -0.6919909119606018
    ],
    [
      -0.5280521512031555,
      -0.6729884147644043,
      0.20470109581947327
    ],
    [
      -1.3261641263961792,
      -0.6043103337287903,
      0.7319015264511108
    ],
    [
      0.39090991020202637,
      -0.45679396390914917,
      0.22709938883781433
    ],
    [
      0.19093555212020874,
      0.5227969288825989,
      -0.27208030223846436
    ],
    [
      -0.18235695362091064,
      -0.07379037886857986,
      0.41411739587783813
    ],
    [
      0.17419369518756866,
      0.7032756209373474,
      0.6310885548591614
    ],
    [
      0.780149519443512,
      -0.2487848699092865,
      -0.43327322602272034
    ],
    [
      0.14490750432014465,
      0.27399879693984985,
      0.00779009610414505
    ],
    [
      0.32092997431755066,
      -0.38385412096977234,
      0.1324269324541092
    ],
    [
      -0.028798218816518784,
      0.7275136709213257,
      -0.011596128344535828
    ],
    [
      -0.606734037399292,
      -0.18340006470680237,
      0.46838751435279846
    ],
    [
      -0.7717517018318176,
      -0.9249648451805115,
      0.7798774838447571
    ]
  ],
  "active": [
    true,
    true,
    true,
    true,
    false,
    false,
    false,
    false,
    false,
    false,
    false,
    false,
    false,
    false,
    false,
    false,
    false,
    false,
    false,
    false,
    false,
    false,
    false,
    false,
    false,
    false
  ]
}
